{
    "resource"  : "xsede.comet",
    "project"   : "unc100",
    "setup" : 
    [
        {
            "queue"     : "compute",
            "node_sub"  : 1,
            "cores"     : [24, 48, 72, 96, 120, 144, 168, 192, 216, 240, 264, 288, 312, 336, 360, 384, 408, 432, 456, 480, 504, 528],
            "jobs_dist" : [65.6112137,80.7743477035,82.8098641393,90.169786018,90.7117921591,91.6047585851,91.8027225365,93.8265314268,94.0183755248,95.25511806,95.3378691203,96.4458286547,96.5103531954,96.5627710696,96.7184282088,97.4505489242,97.4762257002,97.6392000553,97.6502423994,98.0227552112,98.0576117671,98.1528686147
],
            "exec_time" : [3.29408509,3.82911786,9.26573018,3.96679527,10.06385758,11.29576948,7.91693489,6.38874524,4.74130244,4.81507078,9.62108602,5.88948771,2.00543072,6.68872174,5.99023976,6.39749767,6.36527801,6.96030436,5.57390361,6.20109543,6.88325308,11.81343771
]
        },
        {
            "queue" : "shared",
            "node_sub"  : 0,
            "node_size" : 24,
            "cores"     : [1, 2, 5, 9],
            "jobs_dist" : [90.6343468311, 94.9451216664, 96.7384989024, 99.9999999999, 100],
            "exec_time" : [3.29739488, 15.38879204, 5.64271831, 5.90840044]
        }    
    ],
    "queue_div" : [59.2248736171]
}

